hazard_id,latitude,longitude,severity,depth,source
FLOOD_001,12.99890552,80.207447,CRITICAL,7.0,Chennai Inundation Points with Depth of Inundation
FLOOD_002,12.99925997,80.2075221,CRITICAL,6.5,Chennai Inundation Points with Depth of Inundation
FLOOD_003,13.00254573,80.2087814,CRITICAL,6.0,Chennai Inundation Points with Depth of Inundation
FLOOD_004,12.99995025,80.20772696,CRITICAL,6.5,Chennai Inundation Points with Depth of Inundation
FLOOD_005,12.97839607,80.20419817,CRITICAL,6.5,Chennai Inundation Points with Depth of Inundation
FLOOD_006,12.97323496,80.21074276,CRITICAL,5.5,Chennai Inundation Points with Depth of Inundation
FLOOD_007,12.96137578,80.21517478,CRITICAL,7.0,Chennai Inundation Points with Depth of Inundation
FLOOD_008,12.95736183,80.21355975,CRITICAL,6.5,Chennai Inundation Points with Depth of Inundation
FLOOD_009,12.97256094,80.21946564,CRITICAL,6.0,Chennai Inundation Points with Depth of Inundation
FLOOD_010,12.97270535,80.21950521,CRITICAL,6.0,Chennai Inundation Points with Depth of Inundation
FLOOD_011,12.97379299,80.21866065,CRITICAL,6.0,Chennai Inundation Points with Depth of Inundation
FLOOD_012,12.97547983,80.22072293,CRITICAL,6.5,Chennai Inundation Points with Depth of Inundation
FLOOD_013,12.97555693,80.22076853,CRITICAL,6.0,Chennai Inundation Points with Depth of Inundation
FLOOD_014,12.97610941,80.22118963,CRITICAL,6.0,Chennai Inundation Points with Depth of Inundation
FLOOD_015,12.97617279,80.22126641,CRITICAL,5.5,Chennai Inundation Points with Depth of Inundation
FLOOD_016,12.97622572,80.22122987,CRITICAL,6.0,Chennai Inundation Points with Depth of Inundation
FLOOD_017,12.97753159,80.22123925,CRITICAL,6.0,Chennai Inundation Points with Depth of Inundation
FLOOD_018,12.97749761,80.22125937,CRITICAL,6.0,Chennai Inundation Points with Depth of Inundation
FLOOD_019,12.978268,80.22121076,CRITICAL,6.0,Chennai Inundation Points with Depth of Inundation
FLOOD_020,12.97865319,80.22120036,CRITICAL,6.0,Chennai Inundation Points with Depth of Inundation
FLOOD_021,12.97996134,80.22106793,CRITICAL,6.0,Chennai Inundation Points with Depth of Inundation
FLOOD_022,12.98029981,80.22100825,CRITICAL,9.0,Chennai Inundation Points with Depth of Inundation
FLOOD_023,12.98083365,80.22096667,CRITICAL,8.0,Chennai Inundation Points with Depth of Inundation
FLOOD_024,12.98094931,80.22101026,CRITICAL,9.0,Chennai Inundation Points with Depth of Inundation
FLOOD_025,12.98102641,80.22105418,CRITICAL,9.5,Chennai Inundation Points with Depth of Inundation
FLOOD_026,12.98113324,80.22108268,CRITICAL,7.5,Chennai Inundation Points with Depth of Inundation
FLOOD_027,12.97438468,80.22041917,CRITICAL,6.0,Chennai Inundation Points with Depth of Inundation
FLOOD_028,12.9636665,80.21545239,CRITICAL,5.5,Chennai Inundation Points with Depth of Inundation
FLOOD_029,12.96374525,80.21517377,CRITICAL,5.5,Chennai Inundation Points with Depth of Inundation
FLOOD_030,12.96467937,80.1961197,CRITICAL,6.5,Chennai Inundation Points with Depth of Inundation
FLOOD_031,12.96464147,80.19598592,CRITICAL,5.5,Chennai Inundation Points with Depth of Inundation
FLOOD_032,12.96464669,80.1959135,CRITICAL,17.0,Chennai Inundation Points with Depth of Inundation
FLOOD_033,12.96515214,80.19233543,CRITICAL,5.7,Chennai Inundation Points with Depth of Inundation
FLOOD_034,12.96521912,80.19208733,CRITICAL,5.5,Chennai Inundation Points with Depth of Inundation
FLOOD_035,12.99677716,80.24918921,CRITICAL,7.0,Chennai Inundation Points with Depth of Inundation
FLOOD_036,12.99670431,80.24920732,CRITICAL,6.0,Chennai Inundation Points with Depth of Inundation
FLOOD_037,13.00688792,80.24010926,CRITICAL,7.0,Chennai Inundation Points with Depth of Inundation
FLOOD_038,12.97966665,80.2432156,CRITICAL,29.0,Chennai Inundation Points with Depth of Inundation
FLOOD_039,12.97832746,80.23890059,CRITICAL,17.0,Chennai Inundation Points with Depth of Inundation
FLOOD_040,12.97820331,80.23972739,CRITICAL,10.5,Chennai Inundation Points with Depth of Inundation
FLOOD_041,12.97802003,80.24108056,CRITICAL,6.0,Chennai Inundation Points with Depth of Inundation
FLOOD_042,12.97807818,80.24142824,CRITICAL,5.0,Chennai Inundation Points with Depth of Inundation
FLOOD_043,12.9782056,80.24187349,CRITICAL,6.0,Chennai Inundation Points with Depth of Inundation
FLOOD_044,12.97840391,80.24251923,CRITICAL,7.0,Chennai Inundation Points with Depth of Inundation
FLOOD_045,12.97853786,80.2430483,CRITICAL,7.0,Chennai Inundation Points with Depth of Inundation
FLOOD_046,12.97838921,80.24317469,CRITICAL,20.0,Chennai Inundation Points with Depth of Inundation
FLOOD_047,12.97881099,80.24313781,CRITICAL,20.0,Chennai Inundation Points with Depth of Inundation
FLOOD_048,12.97835948,80.24098601,CRITICAL,16.0,Chennai Inundation Points with Depth of Inundation
FLOOD_049,12.97510803,80.24406251,CRITICAL,9.0,Chennai Inundation Points with Depth of Inundation
FLOOD_050,12.97485907,80.24414532,CRITICAL,5.0,Chennai Inundation Points with Depth of Inundation
FLOOD_051,12.97464049,80.24420165,CRITICAL,7.0,Chennai Inundation Points with Depth of Inundation
FLOOD_052,12.93575135,80.23390364,CRITICAL,6.0,Chennai Inundation Points with Depth of Inundation
FLOOD_053,12.91398442,80.22935662,CRITICAL,6.5,Chennai Inundation Points with Depth of Inundation
FLOOD_054,12.91143181,80.19584745,CRITICAL,6.0,Chennai Inundation Points with Depth of Inundation
FLOOD_055,12.91137396,80.1959021,CRITICAL,6.0,Chennai Inundation Points with Depth of Inundation
FLOOD_056,12.92707258,80.19776087,CRITICAL,6.0,Chennai Inundation Points with Depth of Inundation
FLOOD_057,12.92773986,80.19821215,CRITICAL,6.0,Chennai Inundation Points with Depth of Inundation
FLOOD_058,12.9358912,80.20432625,CRITICAL,8.5,Chennai Inundation Points with Depth of Inundation
FLOOD_059,12.94048943,80.20571563,CRITICAL,6.0,Chennai Inundation Points with Depth of Inundation
FLOOD_060,12.94122039,80.20599324,CRITICAL,6.5,Chennai Inundation Points with Depth of Inundation
FLOOD_061,12.95129029,80.21098584,CRITICAL,6.5,Chennai Inundation Points with Depth of Inundation
FLOOD_062,12.97331664,80.21969497,CRITICAL,6.0,Chennai Inundation Points with Depth of Inundation
FLOOD_063,12.97614633,80.2198958,CRITICAL,6.5,Chennai Inundation Points with Depth of Inundation
FLOOD_064,12.97631197,80.21930739,CRITICAL,7.0,Chennai Inundation Points with Depth of Inundation
FLOOD_065,12.97799422,80.21909986,CRITICAL,8.0,Chennai Inundation Points with Depth of Inundation
FLOOD_066,12.99742628,80.21617256,CRITICAL,29.0,Chennai Inundation Points with Depth of Inundation
FLOOD_067,13.00670237,80.21266423,CRITICAL,6.0,Chennai Inundation Points with Depth of Inundation
FLOOD_068,13.0098038,80.21502256,CRITICAL,15.0,Chennai Inundation Points with Depth of Inundation
FLOOD_069,12.99558246,80.20116225,CRITICAL,7.0,Chennai Inundation Points with Depth of Inundation
FLOOD_070,12.99718258,80.2070906,CRITICAL,9.5,Chennai Inundation Points with Depth of Inundation
FLOOD_071,12.99740962,80.20712782,CRITICAL,7.5,Chennai Inundation Points with Depth of Inundation
FLOOD_072,12.94871485,80.20184319,CRITICAL,60.0,Chennai Inundation Points with Depth of Inundation
FLOOD_073,12.94871649,80.20291675,CRITICAL,40.0,Chennai Inundation Points with Depth of Inundation
FLOOD_074,12.94876125,80.20352729,CRITICAL,15.0,Chennai Inundation Points with Depth of Inundation
FLOOD_075,12.97255277,80.19142818,CRITICAL,14.0,Chennai Inundation Points with Depth of Inundation
FLOOD_076,12.98530135,80.17683998,CRITICAL,35.0,Chennai Inundation Points with Depth of Inundation
FLOOD_077,12.98922501,80.18541198,CRITICAL,35.0,Chennai Inundation Points with Depth of Inundation
FLOOD_078,12.97686869,80.1935022,CRITICAL,14.0,Chennai Inundation Points with Depth of Inundation
FLOOD_079,12.97770834,80.19380596,CRITICAL,5.0,Chennai Inundation Points with Depth of Inundation
FLOOD_080,12.97949839,80.19460358,CRITICAL,15.0,Chennai Inundation Points with Depth of Inundation
FLOOD_081,12.98092971,80.19526441,CRITICAL,11.0,Chennai Inundation Points with Depth of Inundation
FLOOD_082,12.98199608,80.19589942,CRITICAL,10.0,Chennai Inundation Points with Depth of Inundation
FLOOD_083,12.95934218,80.24459191,CRITICAL,15.0,Chennai Inundation Points with Depth of Inundation
FLOOD_084,12.95902296,80.24447858,CRITICAL,13.0,Chennai Inundation Points with Depth of Inundation
FLOOD_085,12.95875634,80.24434246,CRITICAL,10.0,Chennai Inundation Points with Depth of Inundation
FLOOD_086,12.96233213,80.24597425,CRITICAL,13.0,Chennai Inundation Points with Depth of Inundation
FLOOD_087,13.03326511,80.20966519,CRITICAL,7.0,Chennai Inundation Points with Depth of Inundation
FLOOD_088,13.03337878,80.20970542,CRITICAL,7.8,Chennai Inundation Points with Depth of Inundation
FLOOD_089,13.03347906,80.20972352,CRITICAL,7.0,Chennai Inundation Points with Depth of Inundation
FLOOD_090,13.03314752,80.20967625,CRITICAL,7.5,Chennai Inundation Points with Depth of Inundation
FLOOD_091,13.03524944,80.20977851,CRITICAL,21.0,Chennai Inundation Points with Depth of Inundation
FLOOD_092,13.03509069,80.20992771,CRITICAL,15.0,Chennai Inundation Points with Depth of Inundation
FLOOD_093,13.03666573,80.21224346,CRITICAL,13.0,Chennai Inundation Points with Depth of Inundation
FLOOD_094,13.03682611,80.21225151,CRITICAL,11.0,Chennai Inundation Points with Depth of Inundation
FLOOD_095,13.03689078,80.21223843,CRITICAL,13.0,Chennai Inundation Points with Depth of Inundation
FLOOD_096,13.03706226,80.21225553,CRITICAL,11.0,Chennai Inundation Points with Depth of Inundation
FLOOD_097,13.03737681,80.21225922,CRITICAL,11.0,Chennai Inundation Points with Depth of Inundation
FLOOD_098,13.03765445,80.21225452,CRITICAL,11.0,Chennai Inundation Points with Depth of Inundation
FLOOD_099,13.03690417,80.21207515,CRITICAL,15.0,Chennai Inundation Points with Depth of Inundation
FLOOD_100,13.03554962,80.20695616,CRITICAL,11.0,Chennai Inundation Points with Depth of Inundation
FLOOD_101,13.0356316,80.20589802,CRITICAL,11.0,Chennai Inundation Points with Depth of Inundation
FLOOD_102,13.03607256,80.20274777,CRITICAL,14.0,Chennai Inundation Points with Depth of Inundation
FLOOD_103,13.03663405,80.19968636,CRITICAL,15.0,Chennai Inundation Points with Depth of Inundation
FLOOD_104,13.0372798,80.19529894,CRITICAL,14.0,Chennai Inundation Points with Depth of Inundation
FLOOD_105,13.03729809,80.20456363,CRITICAL,16.0,Chennai Inundation Points with Depth of Inundation
FLOOD_106,13.04049353,80.20510074,CRITICAL,16.0,Chennai Inundation Points with Depth of Inundation
FLOOD_107,13.03851317,80.2084877,CRITICAL,5.0,Chennai Inundation Points with Depth of Inundation
FLOOD_108,13.04044258,80.20873312,CRITICAL,8.5,Chennai Inundation Points with Depth of Inundation
FLOOD_109,13.04134636,80.20884611,CRITICAL,10.0,Chennai Inundation Points with Depth of Inundation
FLOOD_110,13.04187713,80.20896513,CRITICAL,15.0,Chennai Inundation Points with Depth of Inundation
FLOOD_111,13.04313399,80.2091093,CRITICAL,11.0,Chennai Inundation Points with Depth of Inundation
FLOOD_112,13.03779327,80.21318257,CRITICAL,8.0,Chennai Inundation Points with Depth of Inundation
FLOOD_113,13.03841877,80.21368448,CRITICAL,9.0,Chennai Inundation Points with Depth of Inundation
FLOOD_114,13.03906975,80.21412872,CRITICAL,9.0,Chennai Inundation Points with Depth of Inundation
FLOOD_115,13.03939311,80.21418136,CRITICAL,9.0,Chennai Inundation Points with Depth of Inundation
FLOOD_116,13.03987947,80.21467086,CRITICAL,9.0,Chennai Inundation Points with Depth of Inundation
FLOOD_117,13.04052979,80.21511275,CRITICAL,9.0,Chennai Inundation Points with Depth of Inundation
FLOOD_118,13.04337308,80.21982808,CRITICAL,8.0,Chennai Inundation Points with Depth of Inundation
FLOOD_119,13.04304286,80.22149339,CRITICAL,11.0,Chennai Inundation Points with Depth of Inundation
FLOOD_120,13.04204894,80.22540171,CRITICAL,11.0,Chennai Inundation Points with Depth of Inundation
FLOOD_121,13.04179743,80.22642028,CRITICAL,11.0,Chennai Inundation Points with Depth of Inundation
FLOOD_122,13.04126503,80.22883125,CRITICAL,60.0,Chennai Inundation Points with Depth of Inundation
FLOOD_123,13.04224263,80.22493768,CRITICAL,9.0,Chennai Inundation Points with Depth of Inundation
FLOOD_124,13.04531127,80.22578862,CRITICAL,11.0,Chennai Inundation Points with Depth of Inundation
FLOOD_125,13.04620557,80.2260793,CRITICAL,11.0,Chennai Inundation Points with Depth of Inundation
FLOOD_126,13.04669354,80.22620972,CRITICAL,11.0,Chennai Inundation Points with Depth of Inundation
FLOOD_127,13.0467471,80.22603907,CRITICAL,11.0,Chennai Inundation Points with Depth of Inundation
FLOOD_128,13.04743791,80.23296855,CRITICAL,13.0,Chennai Inundation Points with Depth of Inundation
FLOOD_129,13.04691597,80.23300476,CRITICAL,9.0,Chennai Inundation Points with Depth of Inundation
FLOOD_130,13.0435978,80.2324757,CRITICAL,11.0,Chennai Inundation Points with Depth of Inundation
FLOOD_131,13.04528841,80.23285322,CRITICAL,11.0,Chennai Inundation Points with Depth of Inundation
FLOOD_132,13.04845337,80.23321934,CRITICAL,11.0,Chennai Inundation Points with Depth of Inundation
FLOOD_133,13.05005478,80.23341246,CRITICAL,5.0,Chennai Inundation Points with Depth of Inundation
FLOOD_134,13.05311549,80.23425534,CRITICAL,12.0,Chennai Inundation Points with Depth of Inundation
FLOOD_135,13.04524954,80.24009485,CRITICAL,9.0,Chennai Inundation Points with Depth of Inundation
FLOOD_136,13.04495068,80.24028931,CRITICAL,11.0,Chennai Inundation Points with Depth of Inundation
FLOOD_137,13.04463679,80.23957115,CRITICAL,8.0,Chennai Inundation Points with Depth of Inundation
FLOOD_138,13.03507697,80.23046203,CRITICAL,10.0,Chennai Inundation Points with Depth of Inundation
FLOOD_139,13.03451026,80.23039967,CRITICAL,8.0,Chennai Inundation Points with Depth of Inundation
FLOOD_140,13.03510898,80.23011334,CRITICAL,8.0,Chennai Inundation Points with Depth of Inundation
FLOOD_141,13.03695578,80.23604203,CRITICAL,20.0,Chennai Inundation Points with Depth of Inundation
FLOOD_142,13.03987881,80.24318475,CRITICAL,15.0,Chennai Inundation Points with Depth of Inundation
FLOOD_143,13.05355413,80.23588646,CRITICAL,7.0,Chennai Inundation Points with Depth of Inundation
FLOOD_144,13.05406887,80.22836655,CRITICAL,7.0,Chennai Inundation Points with Depth of Inundation
FLOOD_145,13.05374324,80.22576313,CRITICAL,10.0,Chennai Inundation Points with Depth of Inundation
FLOOD_146,13.05082494,80.21998633,CRITICAL,9.0,Chennai Inundation Points with Depth of Inundation
FLOOD_147,13.04747841,80.21900799,CRITICAL,9.0,Chennai Inundation Points with Depth of Inundation
FLOOD_148,13.04405802,80.21764576,CRITICAL,9.0,Chennai Inundation Points with Depth of Inundation
FLOOD_149,13.05184169,80.21855704,CRITICAL,12.0,Chennai Inundation Points with Depth of Inundation
FLOOD_150,13.0509079,80.21579504,CRITICAL,12.0,Chennai Inundation Points with Depth of Inundation
FLOOD_151,13.05013643,80.21369621,CRITICAL,11.0,Chennai Inundation Points with Depth of Inundation
FLOOD_152,13.16460964,80.20662121,CRITICAL,7.0,Chennai Inundation Points with Depth of Inundation
FLOOD_153,13.16327701,80.20877436,CRITICAL,7.0,Chennai Inundation Points with Depth of Inundation
FLOOD_154,13.16212262,80.20877671,CRITICAL,7.5,Chennai Inundation Points with Depth of Inundation
FLOOD_155,13.16246639,80.20876497,CRITICAL,7.5,Chennai Inundation Points with Depth of Inundation
FLOOD_156,13.16081641,80.20790633,CRITICAL,9.0,Chennai Inundation Points with Depth of Inundation
FLOOD_157,13.15282364,80.20872172,CRITICAL,9.0,Chennai Inundation Points with Depth of Inundation
FLOOD_158,13.1449155,80.22320095,CRITICAL,11.0,Chennai Inundation Points with Depth of Inundation
FLOOD_159,13.14405618,80.25435783,CRITICAL,13.0,Chennai Inundation Points with Depth of Inundation
FLOOD_160,13.14471961,80.25442421,CRITICAL,9.5,Chennai Inundation Points with Depth of Inundation
FLOOD_161,13.15392127,80.25701355,CRITICAL,11.0,Chennai Inundation Points with Depth of Inundation
FLOOD_162,13.15396535,80.25743734,CRITICAL,8.5,Chennai Inundation Points with Depth of Inundation
FLOOD_163,13.15609627,80.26105799,CRITICAL,7.5,Chennai Inundation Points with Depth of Inundation
FLOOD_164,13.15319551,80.25757045,CRITICAL,10.0,Chennai Inundation Points with Depth of Inundation
FLOOD_165,13.15147332,80.25796104,CRITICAL,11.0,Chennai Inundation Points with Depth of Inundation
FLOOD_166,13.14891401,80.25815751,CRITICAL,11.0,Chennai Inundation Points with Depth of Inundation
FLOOD_167,13.14999239,80.25844619,CRITICAL,15.0,Chennai Inundation Points with Depth of Inundation
FLOOD_168,13.13087859,80.2007921,CRITICAL,13.0,Chennai Inundation Points with Depth of Inundation
FLOOD_169,13.13325688,80.1941523,CRITICAL,10.0,Chennai Inundation Points with Depth of Inundation
FLOOD_170,13.12972731,80.19382339,CRITICAL,11.0,Chennai Inundation Points with Depth of Inundation
FLOOD_171,13.14536116,80.2189292,CRITICAL,9.5,Chennai Inundation Points with Depth of Inundation
FLOOD_172,13.14618686,80.21778021,CRITICAL,11.0,Chennai Inundation Points with Depth of Inundation
FLOOD_173,13.14198196,80.1855481,CRITICAL,9.0,Chennai Inundation Points with Depth of Inundation
FLOOD_174,13.14069426,80.18615294,CRITICAL,9.5,Chennai Inundation Points with Depth of Inundation
FLOOD_175,13.1321301,80.1708952,CRITICAL,11.0,Chennai Inundation Points with Depth of Inundation
FLOOD_176,13.12221384,80.16743749,CRITICAL,10.0,Chennai Inundation Points with Depth of Inundation
FLOOD_177,13.1195037,80.16857006,CRITICAL,9.0,Chennai Inundation Points with Depth of Inundation
FLOOD_178,13.11734406,80.16902804,CRITICAL,8.0,Chennai Inundation Points with Depth of Inundation
FLOOD_179,13.12338344,80.20153608,CRITICAL,10.0,Chennai Inundation Points with Depth of Inundation
FLOOD_180,13.01543879,80.18901352,CRITICAL,5.0,Chennai Inundation Points with Depth of Inundation
FLOOD_181,13.01595361,80.18160861,CRITICAL,5.0,Chennai Inundation Points with Depth of Inundation
FLOOD_182,13.100092,80.16768359,CRITICAL,8.0,Chennai Inundation Points with Depth of Inundation
FLOOD_183,13.09961687,80.17087173,CRITICAL,5.0,Chennai Inundation Points with Depth of Inundation
FLOOD_184,13.0995692,80.17204821,CRITICAL,10.0,Chennai Inundation Points with Depth of Inundation
FLOOD_185,13.10198468,80.21483783,CRITICAL,12.0,Chennai Inundation Points with Depth of Inundation
FLOOD_186,13.1026208,80.20937316,CRITICAL,8.0,Chennai Inundation Points with Depth of Inundation
FLOOD_187,13.10560967,80.20929169,CRITICAL,7.0,Chennai Inundation Points with Depth of Inundation
FLOOD_188,13.10556951,80.21083999,CRITICAL,8.0,Chennai Inundation Points with Depth of Inundation
FLOOD_189,13.10585295,80.20727534,CRITICAL,9.0,Chennai Inundation Points with Depth of Inundation
FLOOD_190,13.10530468,80.20719118,CRITICAL,12.0,Chennai Inundation Points with Depth of Inundation
FLOOD_191,13.10560053,80.20713653,CRITICAL,12.0,Chennai Inundation Points with Depth of Inundation
FLOOD_192,13.11413949,80.19854844,CRITICAL,8.0,Chennai Inundation Points with Depth of Inundation
