track_point_id,cyclone_id,cyclone_name,report_year,observation_date_utc,observation_time_utc,latitude_deg_n,longitude_deg_e,intensity_category_imd,ci_number,estimated_central_pressure_hpa,max_sustained_wind_kt,max_sustained_wind_kmh_approx,distance_from_chennai_km_approx,source_pdf,source_line_approx,timestamp_utc,review_status,chennai_relevance_note
TP0001,burevi,Burevi,2020,2020-11-30,00:00,7.5,88.0,D,1.5,1003.0,20.0,37.0,1048.7,26_0522b4_burevi-2020.pdf,365,2020-11-30 00:00,PDF-extracted; verify against source report before operational use,Regional / offshore track
TP0002,burevi,Burevi,2020,2020-11-30,03:00,7.7,87.7,D,1.5,1002.0,25.0,46.3,1008.9,26_0522b4_burevi-2020.pdf,366,2020-11-30 03:00,PDF-extracted; verify against source report before operational use,Regional / offshore track
TP0003,burevi,Burevi,2020,2020-11-30,06:00,7.8,87.4,D,1.5,1002.0,25.0,46.3,975.9,26_0522b4_burevi-2020.pdf,367,2020-11-30 06:00,PDF-extracted; verify against source report before operational use,Regional / offshore track
TP0004,burevi,Burevi,2020,2020-11-30,12:00,7.7,87.0,D,1.5,1002.0,25.0,46.3,948.4,26_0522b4_burevi-2020.pdf,368,2020-11-30 12:00,PDF-extracted; verify against source report before operational use,Regional / offshore track
TP0005,burevi,Burevi,2020,2020-11-30,18:00,7.8,86.6,D,1.5,1002.0,25.0,46.3,907.6,26_0522b4_burevi-2020.pdf,369,2020-11-30 18:00,PDF-extracted; verify against source report before operational use,Regional / offshore track
TP0006,burevi,Burevi,2020,2020-12-01,00:00,7.8,86.0,DD,2.0,1000.0,30.0,55.6,858.6,26_0522b4_burevi-2020.pdf,370,2020-12-01 00:00,PDF-extracted; verify against source report before operational use,Regional / offshore track
TP0007,burevi,Burevi,2020,2020-12-01,03:00,7.8,85.7,DD,2.0,1000.0,30.0,55.6,835.0,26_0522b4_burevi-2020.pdf,371,2020-12-01 03:00,PDF-extracted; verify against source report before operational use,Regional / offshore track
TP0008,burevi,Burevi,2020,2020-12-01,06:00,7.8,85.3,DD,2.0,1000.0,30.0,55.6,804.5,26_0522b4_burevi-2020.pdf,372,2020-12-01 06:00,PDF-extracted; verify against source report before operational use,Regional / offshore track
TP0009,burevi,Burevi,2020,2020-12-01,12:00,7.9,84.8,CS,2.5,999.0,35.0,64.8,759.7,26_0522b4_burevi-2020.pdf,373,2020-12-01 12:00,PDF-extracted; verify against source report before operational use,Regional / offshore track
TP0010,burevi,Burevi,2020,2020-12-01,15:00,7.9,84.5,CS,2.5,999.0,35.0,64.8,738.8,26_0522b4_burevi-2020.pdf,374,2020-12-01 15:00,PDF-extracted; verify against source report before operational use,Regional / offshore track
TP0011,burevi,Burevi,2020,2020-12-01,18:00,8.1,84.2,CS,2.5,999.0,35.0,64.8,700.9,26_0522b4_burevi-2020.pdf,375,2020-12-01 18:00,PDF-extracted; verify against source report before operational use,Regional / offshore track
TP0012,burevi,Burevi,2020,2020-12-01,21:00,8.4,83.4,CS,2.5,999.0,35.0,64.8,622.8,26_0522b4_burevi-2020.pdf,378,2020-12-01 21:00,PDF-extracted; verify against source report before operational use,Regional / offshore track
TP0013,burevi,Burevi,2020,2020-12-02,00:00,8.6,83.0,CS,2.5,998.0,40.0,74.1,580.7,26_0522b4_burevi-2020.pdf,379,2020-12-02 00:00,PDF-extracted; verify against source report before operational use,Regional / offshore track
TP0014,burevi,Burevi,2020,2020-12-02,03:00,8.7,82.5,CS,2.5,998.0,40.0,74.1,544.7,26_0522b4_burevi-2020.pdf,380,2020-12-02 03:00,PDF-extracted; verify against source report before operational use,Regional / offshore track
TP0015,burevi,Burevi,2020,2020-12-02,06:00,8.8,82.2,CS,3.0,996.0,45.0,83.3,520.7,26_0522b4_burevi-2020.pdf,381,2020-12-02 06:00,PDF-extracted; verify against source report before operational use,Regional / offshore track
TP0016,burevi,Burevi,2020,2020-12-02,09:00,8.8,81.8,CS,3.0,996.0,45.0,83.3,504.6,26_0522b4_burevi-2020.pdf,382,2020-12-02 09:00,PDF-extracted; verify against source report before operational use,Regional / offshore track
TP0017,burevi,Burevi,2020,2020-12-02,12:00,8.8,81.4,CS,3.0,996.0,45.0,83.3,491.9,26_0522b4_burevi-2020.pdf,383,2020-12-02 12:00,PDF-extracted; verify against source report before operational use,Regional track (<500 km)
TP0018,burevi,Burevi,2020,2020-12-02,15:00,8.8,81.4,CS,3.0,996.0,45.0,83.3,491.9,26_0522b4_burevi-2020.pdf,384,2020-12-02 15:00,PDF-extracted; verify against source report before operational use,Regional track (<500 km)
TP0019,burevi,Burevi,2020,2020-12-03,09:00,9.2,79.3,CS,2.5,999.0,35.0,64.8,444.5,26_0522b4_burevi-2020.pdf,396,2020-12-03 09:00,PDF-extracted; verify against source report before operational use,Regional track (<500 km)
TP0020,burevi,Burevi,2020,2020-12-03,12:00,9.2,79.1,DD,2.0,1000.0,30.0,55.6,450.2,26_0522b4_burevi-2020.pdf,397,2020-12-03 12:00,PDF-extracted; verify against source report before operational use,Regional track (<500 km)
TP0021,burevi,Burevi,2020,2020-12-03,15:00,9.2,78.8,DD,2.0,1000.0,30.0,55.6,460.6,26_0522b4_burevi-2020.pdf,398,2020-12-03 15:00,PDF-extracted; verify against source report before operational use,Regional track (<500 km)
TP0022,burevi,Burevi,2020,2020-12-03,18:00,9.1,78.6,DD,2.0,1000.0,30.0,55.6,478.9,26_0522b4_burevi-2020.pdf,399,2020-12-03 18:00,PDF-extracted; verify against source report before operational use,Regional track (<500 km)
TP0023,burevi,Burevi,2020,2020-12-03,21:00,9.1,78.6,DD,2.0,1000.0,30.0,55.6,478.9,26_0522b4_burevi-2020.pdf,400,2020-12-03 21:00,PDF-extracted; verify against source report before operational use,Regional track (<500 km)
TP0024,burevi,Burevi,2020,2020-12-04,00:00,9.1,78.6,DD,2.0,1000.0,30.0,55.6,478.9,26_0522b4_burevi-2020.pdf,401,2020-12-04 00:00,PDF-extracted; verify against source report before operational use,Regional track (<500 km)
TP0025,burevi,Burevi,2020,2020-12-04,03:00,9.1,78.6,DD,2.0,1001.0,30.0,55.6,478.9,26_0522b4_burevi-2020.pdf,402,2020-12-04 03:00,PDF-extracted; verify against source report before operational use,Regional track (<500 km)
TP0026,burevi,Burevi,2020,2020-12-04,06:00,9.1,78.6,DD,2.0,1001.0,30.0,55.6,478.9,26_0522b4_burevi-2020.pdf,403,2020-12-04 06:00,PDF-extracted; verify against source report before operational use,Regional track (<500 km)
TP0027,burevi,Burevi,2020,2020-12-04,12:00,9.1,78.6,D,1.5,1002.0,25.0,46.3,478.9,26_0522b4_burevi-2020.pdf,404,2020-12-04 12:00,PDF-extracted; verify against source report before operational use,Regional track (<500 km)
TP0028,burevi,Burevi,2020,2020-12-04,18:00,9.1,78.6,D,1.5,1003.0,25.0,46.3,478.9,26_0522b4_burevi-2020.pdf,405,2020-12-04 18:00,PDF-extracted; verify against source report before operational use,Regional track (<500 km)
TP0029,burevi,Burevi,2020,2020-12-05,00:00,9.1,78.6,D,1.5,1004.0,20.0,37.0,478.9,26_0522b4_burevi-2020.pdf,406,2020-12-05 00:00,PDF-extracted; verify against source report before operational use,Regional track (<500 km)
TP0030,burevi,Burevi,2020,2020-12-05,03:00,9.1,78.6,D,1.5,1006.0,20.0,37.0,478.9,26_0522b4_burevi-2020.pdf,407,2020-12-05 03:00,PDF-extracted; verify against source report before operational use,Regional track (<500 km)
TP0031,ditwah,Ditwah,2025,2025-11-26,18:00,5.9,82.6,D,1.5,1004.0,25.0,46.3,838.5,2025-DITWAH.pdf,86,2025-11-26 18:00,Ditwah MSW corrected against IMD best-track table; still review source,Regional / offshore track
TP0032,ditwah,Ditwah,2025,2025-11-27,00:00,6.3,82.4,DD,2.0,1003.0,30.0,55.6,789.4,2025-DITWAH.pdf,88,2025-11-27 00:00,Ditwah MSW corrected against IMD best-track table; still review source,Regional / offshore track
TP0033,ditwah,Ditwah,2025,2025-11-27,03:00,6.7,82.1,DD,2.0,1003.0,30.0,55.6,737.4,2025-DITWAH.pdf,89,2025-11-27 03:00,Ditwah MSW corrected against IMD best-track table; still review source,Regional / offshore track
TP0034,ditwah,Ditwah,2025,2025-11-27,06:00,6.9,81.9,CS,2.5,1002.0,35.0,64.8,710.2,2025-DITWAH.pdf,90,2025-11-27 06:00,Ditwah MSW corrected against IMD best-track table; still review source,Regional / offshore track
TP0035,ditwah,Ditwah,2025,2025-11-27,09:00,7.2,81.8,CS,2.5,1002.0,35.0,64.8,675.2,2025-DITWAH.pdf,92,2025-11-27 09:00,Ditwah MSW corrected against IMD best-track table; still review source,Regional / offshore track
TP0036,ditwah,Ditwah,2025,2025-11-27,12:00,7.6,81.6,CS,2.5,1002.0,35.0,64.8,626.7,2025-DITWAH.pdf,94,2025-11-27 12:00,Ditwah MSW corrected against IMD best-track table; still review source,Regional / offshore track
TP0037,ditwah,Ditwah,2025,2025-11-27,15:00,7.7,81.5,CS,2.5,1002.0,35.0,64.8,613.4,2025-DITWAH.pdf,96,2025-11-27 15:00,Ditwah MSW corrected against IMD best-track table; still review source,Regional / offshore track
TP0038,ditwah,Ditwah,2025,2025-11-27,18:00,7.9,81.3,CS,2.5,1002.0,35.0,64.8,587.2,2025-DITWAH.pdf,98,2025-11-27 18:00,Ditwah MSW corrected against IMD best-track table; still review source,Regional / offshore track
TP0039,ditwah,Ditwah,2025,2025-11-27,21:00,8.1,81.2,CS,2.5,1002.0,35.0,64.8,563.3,2025-DITWAH.pdf,100,2025-11-27 21:00,Ditwah MSW corrected against IMD best-track table; still review source,Regional / offshore track
TP0040,ditwah,Ditwah,2025,2025-11-28,00:00,8.2,81.1,CS,2.5,1002.0,35.0,64.8,550.4,2025-DITWAH.pdf,102,2025-11-28 00:00,Ditwah MSW corrected against IMD best-track table; still review source,Regional / offshore track
TP0041,ditwah,Ditwah,2025,2025-11-28,03:00,8.3,81.0,CS,2.5,1002.0,35.0,64.8,537.7,2025-DITWAH.pdf,104,2025-11-28 03:00,Ditwah MSW corrected against IMD best-track table; still review source,Regional / offshore track
TP0042,ditwah,Ditwah,2025,2025-11-28,06:00,8.4,81.0,CS,2.5,1002.0,35.0,64.8,526.7,2025-DITWAH.pdf,106,2025-11-28 06:00,Ditwah MSW corrected against IMD best-track table; still review source,Regional / offshore track
TP0043,ditwah,Ditwah,2025,2025-11-28,09:00,8.5,81.0,CS,2.5,1002.0,35.0,64.8,515.8,2025-DITWAH.pdf,108,2025-11-28 09:00,Ditwah MSW corrected against IMD best-track table; still review source,Regional / offshore track
TP0044,ditwah,Ditwah,2025,2025-11-28,12:00,8.7,80.9,CS,2.5,1002.0,35.0,64.8,492.2,2025-DITWAH.pdf,110,2025-11-28 12:00,Ditwah MSW corrected against IMD best-track table; still review source,Regional track (<500 km)
TP0045,ditwah,Ditwah,2025,2025-11-28,15:00,8.8,80.8,CS,2.5,1002.0,35.0,64.8,479.7,2025-DITWAH.pdf,112,2025-11-28 15:00,Ditwah MSW corrected against IMD best-track table; still review source,Regional track (<500 km)
TP0046,ditwah,Ditwah,2025,2025-11-28,18:00,9.0,80.8,CS,2.5,1002.0,35.0,64.8,457.6,2025-DITWAH.pdf,114,2025-11-28 18:00,Ditwah MSW corrected against IMD best-track table; still review source,Regional track (<500 km)
TP0047,ditwah,Ditwah,2025,2025-11-28,21:00,9.2,80.8,CS,2.5,1001.0,35.0,64.8,435.6,2025-DITWAH.pdf,116,2025-11-28 21:00,Ditwah MSW corrected against IMD best-track table; still review source,Regional track (<500 km)
TP0048,ditwah,Ditwah,2025,2025-11-29,00:00,9.4,80.7,CS,2.5,1001.0,35.0,64.8,412.2,2025-DITWAH.pdf,118,2025-11-29 00:00,Ditwah MSW corrected against IMD best-track table; still review source,Regional track (<500 km)
TP0049,ditwah,Ditwah,2025,2025-11-29,03:00,9.6,80.7,CS,2.5,1000.0,40.0,74.1,390.1,2025-DITWAH.pdf,120,2025-11-29 03:00,Ditwah MSW corrected against IMD best-track table; still review source,Regional track (<500 km)
TP0050,ditwah,Ditwah,2025,2025-11-29,06:00,9.9,80.7,CS,2.5,1000.0,40.0,74.1,357.0,2025-DITWAH.pdf,122,2025-11-29 06:00,Ditwah MSW corrected against IMD best-track table; still review source,Regional track (<500 km)
TP0051,ditwah,Ditwah,2025,2025-11-29,09:00,10.1,80.6,CS,2.5,1000.0,40.0,74.1,333.6,2025-DITWAH.pdf,124,2025-11-29 09:00,Ditwah MSW corrected against IMD best-track table; still review source,Regional track (<500 km)
TP0052,ditwah,Ditwah,2025,2025-11-29,12:00,10.4,80.6,CS,2.5,1000.0,40.0,74.1,300.4,2025-DITWAH.pdf,126,2025-11-29 12:00,Ditwah MSW corrected against IMD best-track table; still review source,Regional track (<500 km)
TP0053,ditwah,Ditwah,2025,2025-11-29,15:00,10.5,80.6,CS,2.5,1000.0,40.0,74.1,289.4,2025-DITWAH.pdf,128,2025-11-29 15:00,Ditwah MSW corrected against IMD best-track table; still review source,Regional track (<500 km)
TP0054,ditwah,Ditwah,2025,2025-11-29,18:00,10.7,80.6,CS,2.5,1000.0,40.0,74.1,267.4,2025-DITWAH.pdf,130,2025-11-29 18:00,Ditwah MSW corrected against IMD best-track table; still review source,Regional track (<500 km)
TP0055,ditwah,Ditwah,2025,2025-11-29,21:00,10.8,80.6,CS,2.5,1000.0,40.0,74.1,256.3,2025-DITWAH.pdf,132,2025-11-29 21:00,Ditwah MSW corrected against IMD best-track table; still review source,Regional track (<500 km)
TP0056,ditwah,Ditwah,2025,2025-11-30,00:00,11.1,80.6,CS,2.5,1000.0,40.0,74.1,223.4,2025-DITWAH.pdf,134,2025-11-30 00:00,Ditwah MSW corrected against IMD best-track table; still review source,Near Chennai track corridor (<250 km)
TP0057,ditwah,Ditwah,2025,2025-11-30,03:00,11.4,80.6,CS,2.5,1000.0,40.0,74.1,190.5,2025-DITWAH.pdf,136,2025-11-30 03:00,Ditwah MSW corrected against IMD best-track table; still review source,Near Chennai track corridor (<250 km)
TP0058,ditwah,Ditwah,2025,2025-11-30,06:00,11.5,80.6,CS,2.5,1001.0,35.0,64.8,179.6,2025-DITWAH.pdf,138,2025-11-30 06:00,Ditwah MSW corrected against IMD best-track table; still review source,Near Chennai track corridor (<250 km)
TP0059,ditwah,Ditwah,2025,2025-11-30,09:00,11.7,80.6,CS,2.5,1002.0,35.0,64.8,157.9,2025-DITWAH.pdf,140,2025-11-30 09:00,Ditwah MSW corrected against IMD best-track table; still review source,Near Chennai track corridor (<250 km)
TP0060,ditwah,Ditwah,2025,2025-11-30,12:00,11.8,80.6,DD,2.0,1003.0,30.0,55.6,147.0,2025-DITWAH.pdf,142,2025-11-30 12:00,Ditwah MSW corrected against IMD best-track table; still review source,Near Chennai track corridor (<250 km)
TP0061,ditwah,Ditwah,2025,2025-11-30,18:00,12.3,80.6,DD,2.0,1003.0,30.0,55.6,94.1,2025-DITWAH.pdf,144,2025-11-30 18:00,Ditwah MSW corrected against IMD best-track table; still review source,Near Chennai track corridor (<250 km)
TP0062,ditwah,Ditwah,2025,2025-12-01,00:00,12.8,80.6,DD,2.0,1003.0,30.0,55.6,47.6,2025-DITWAH.pdf,146,2025-12-01 00:00,Ditwah MSW corrected against IMD best-track table; still review source,Near Chennai track corridor (<250 km)
TP0063,ditwah,Ditwah,2025,2025-12-01,03:00,12.8,80.6,DD,2.0,1003.0,30.0,55.6,47.6,2025-DITWAH.pdf,148,2025-12-01 03:00,Ditwah MSW corrected against IMD best-track table; still review source,Near Chennai track corridor (<250 km)
TP0064,ditwah,Ditwah,2025,2025-12-01,06:00,13.0,80.6,DD,2.0,1003.0,30.0,55.6,36.8,2025-DITWAH.pdf,150,2025-12-01 06:00,Ditwah MSW corrected against IMD best-track table; still review source,Near Chennai track corridor (<250 km)
TP0065,ditwah,Ditwah,2025,2025-12-01,12:00,13.0,80.6,DD,2.0,1003.0,30.0,55.6,36.8,2025-DITWAH.pdf,152,2025-12-01 12:00,Ditwah MSW corrected against IMD best-track table; still review source,Near Chennai track corridor (<250 km)
TP0066,ditwah,Ditwah,2025,2025-12-01,18:00,13.0,80.6,DD,2.0,1003.0,30.0,55.6,36.8,2025-DITWAH.pdf,154,2025-12-01 18:00,Ditwah MSW corrected against IMD best-track table; still review source,Near Chennai track corridor (<250 km)
TP0067,ditwah,Ditwah,2025,2025-12-02,00:00,12.9,80.5,D,1.5,1004.0,25.0,46.3,32.1,2025-DITWAH.pdf,156,2025-12-02 00:00,Ditwah MSW corrected against IMD best-track table; still review source,Near Chennai track corridor (<250 km)
TP0068,ditwah,Ditwah,2025,2025-12-02,03:00,12.8,80.5,D,1.5,1004.0,25.0,46.3,40.1,2025-DITWAH.pdf,158,2025-12-02 03:00,Ditwah MSW corrected against IMD best-track table; still review source,Near Chennai track corridor (<250 km)
TP0069,ditwah,Ditwah,2025,2025-12-02,06:00,12.5,80.4,D,1.5,1004.0,25.0,46.3,66.3,2025-DITWAH.pdf,160,2025-12-02 06:00,Ditwah MSW corrected against IMD best-track table; still review source,Near Chennai track corridor (<250 km)
TP0070,ditwah,Ditwah,2025,2025-12-02,12:00,12.3,80.3,D,1.5,1004.0,25.0,46.3,87.1,2025-DITWAH.pdf,162,2025-12-02 12:00,Ditwah MSW corrected against IMD best-track table; still review source,Near Chennai track corridor (<250 km)
TP0071,ditwah,Ditwah,2025,2025-12-02,18:00,12.1,80.2,D,1.5,1005.0,20.0,37.0,109.5,2025-DITWAH.pdf,164,2025-12-02 18:00,Ditwah MSW corrected against IMD best-track table; still review source,Near Chennai track corridor (<250 km)
TP0072,michaung,Michaung,2023,2023-12-01,00:00,10.5,84.1,DD,2.0,998.0,30.0,55.6,506.1,26_0580dd_Michaung Report_Final-2023.pdf,159,2023-12-01 00:00,PDF-extracted; verify against source report before operational use,Regional / offshore track
TP0073,michaung,Michaung,2023,2023-12-01,03:00,10.6,83.6,DD,2.0,997.0,30.0,55.6,455.5,26_0580dd_Michaung Report_Final-2023.pdf,160,2023-12-01 03:00,PDF-extracted; verify against source report before operational use,Regional track (<500 km)
TP0074,michaung,Michaung,2023,2023-12-01,06:00,9.5,86.0,D,1.5,1002.0,25.0,46.3,740.8,26_0580dd_Michaung Report_Final-2023.pdf,156,2023-12-01 06:00,PDF-extracted; verify against source report before operational use,Regional / offshore track
TP0075,michaung,Michaung,2023,2023-12-01,12:00,10.0,85.7,D,1.5,1001.0,25.0,46.3,683.6,26_0580dd_Michaung Report_Final-2023.pdf,157,2023-12-01 12:00,PDF-extracted; verify against source report before operational use,Regional / offshore track
TP0076,michaung,Michaung,2023,2023-12-01,18:00,10.3,85.1,D,1.5,1000.0,25.0,46.3,610.1,26_0580dd_Michaung Report_Final-2023.pdf,158,2023-12-01 18:00,PDF-extracted; verify against source report before operational use,Regional / offshore track
TP0077,michaung,Michaung,2023,2023-12-02,00:00,11.4,82.5,CS,2.5,995.0,35.0,64.8,306.1,26_0580dd_Michaung Report_Final-2023.pdf,164,2023-12-02 00:00,PDF-extracted; verify against source report before operational use,Regional track (<500 km)
TP0078,michaung,Michaung,2023,2023-12-02,03:00,11.5,82.4,CS,2.5,995.0,35.0,64.8,290.7,26_0580dd_Michaung Report_Final-2023.pdf,165,2023-12-02 03:00,PDF-extracted; verify against source report before operational use,Regional track (<500 km)
TP0079,michaung,Michaung,2023,2023-12-02,06:00,10.7,83.2,DD,2.0,997.0,30.0,55.6,414.4,26_0580dd_Michaung Report_Final-2023.pdf,161,2023-12-02 06:00,PDF-extracted; verify against source report before operational use,Regional track (<500 km)
TP0080,michaung,Michaung,2023,2023-12-02,06:00,11.8,82.2,CS,2.5,995.0,35.0,64.8,253.4,26_0580dd_Michaung Report_Final-2023.pdf,166,2023-12-02 06:00,PDF-extracted; verify against source report before operational use,Regional track (<500 km)
TP0081,michaung,Michaung,2023,2023-12-02,09:00,12.0,82.1,CS,2.5,995.0,35.0,64.8,232.2,26_0580dd_Michaung Report_Final-2023.pdf,167,2023-12-02 09:00,PDF-extracted; verify against source report before operational use,Near Chennai track corridor (<250 km)
TP0082,michaung,Michaung,2023,2023-12-02,12:00,10.9,83.1,DD,2.0,997.0,30.0,55.6,391.9,26_0580dd_Michaung Report_Final-2023.pdf,162,2023-12-02 12:00,PDF-extracted; verify against source report before operational use,Regional track (<500 km)
TP0083,michaung,Michaung,2023,2023-12-02,18:00,11.1,82.7,DD,2.0,996.0,30.0,55.6,344.0,26_0580dd_Michaung Report_Final-2023.pdf,163,2023-12-02 18:00,PDF-extracted; verify against source report before operational use,Regional track (<500 km)
TP0084,michaung,Michaung,2023,2023-12-03,00:00,13.1,81.2,CS,3.0,992.0,45.0,83.3,100.7,26_0580dd_Michaung Report_Final-2023.pdf,173,2023-12-03 00:00,PDF-extracted; verify against source report before operational use,Near Chennai track corridor (<250 km)
TP0085,michaung,Michaung,2023,2023-12-03,03:00,13.3,81.0,SCS,3.0,988.0,50.0,92.6,82.6,26_0580dd_Michaung Report_Final-2023.pdf,174,2023-12-03 03:00,PDF-extracted; verify against source report before operational use,Near Chennai track corridor (<250 km)
TP0086,michaung,Michaung,2023,2023-12-03,06:00,13.5,80.8,SCS,3.0,988.0,50.0,92.6,73.7,26_0580dd_Michaung Report_Final-2023.pdf,175,2023-12-03 06:00,PDF-extracted; verify against source report before operational use,Near Chennai track corridor (<250 km)
TP0087,michaung,Michaung,2023,2023-12-03,09:00,13.7,80.7,SCS,3.0,988.0,50.0,92.6,82.9,26_0580dd_Michaung Report_Final-2023.pdf,176,2023-12-03 09:00,PDF-extracted; verify against source report before operational use,Near Chennai track corridor (<250 km)
TP0088,michaung,Michaung,2023,2023-12-03,12:00,12.2,82.0,CS,2.5,995.0,35.0,64.8,211.7,26_0580dd_Michaung Report_Final-2023.pdf,169,2023-12-03 12:00,PDF-extracted; verify against source report before operational use,Near Chennai track corridor (<250 km)
TP0089,michaung,Michaung,2023,2023-12-03,15:00,12.4,81.9,CS,2.5,994.0,40.0,74.1,192.3,26_0580dd_Michaung Report_Final-2023.pdf,170,2023-12-03 15:00,PDF-extracted; verify against source report before operational use,Near Chennai track corridor (<250 km)
TP0090,michaung,Michaung,2023,2023-12-03,18:00,12.8,81.6,CS,3.0,992.0,45.0,83.3,147.4,26_0580dd_Michaung Report_Final-2023.pdf,171,2023-12-03 18:00,PDF-extracted; verify against source report before operational use,Near Chennai track corridor (<250 km)
TP0091,michaung,Michaung,2023,2023-12-03,21:00,13.0,81.4,CS,3.0,992.0,45.0,83.3,122.7,26_0580dd_Michaung Report_Final-2023.pdf,172,2023-12-03 21:00,PDF-extracted; verify against source report before operational use,Near Chennai track corridor (<250 km)
TP0092,michaung,Michaung,2023,2023-12-04,00:00,14.9,80.2,SCS,3.5,988.0,50.0,92.6,202.2,26_0580dd_Michaung Report_Final-2023.pdf,184,2023-12-04 00:00,PDF-extracted; verify against source report before operational use,Near Chennai track corridor (<250 km)
TP0093,michaung,Michaung,2023,2023-12-04,03:00,15.2,80.2,SCS,3.5,988.0,50.0,92.6,235.6,26_0580dd_Michaung Report_Final-2023.pdf,185,2023-12-04 03:00,PDF-extracted; verify against source report before operational use,Near Chennai track corridor (<250 km)
TP0094,michaung,Michaung,2023,2023-12-04,06:00,15.5,80.3,SCS,3.0,988.0,50.0,92.6,268.8,26_0580dd_Michaung Report_Final-2023.pdf,186,2023-12-04 06:00,PDF-extracted; verify against source report before operational use,Regional track (<500 km)
TP0095,michaung,Michaung,2023,2023-12-04,12:00,14.0,80.5,SCS,3.5,986.0,55.0,101.9,105.0,26_0580dd_Michaung Report_Final-2023.pdf,178,2023-12-04 12:00,PDF-extracted; verify against source report before operational use,Near Chennai track corridor (<250 km)
TP0096,michaung,Michaung,2023,2023-12-04,15:00,14.3,80.4,SCS,3.5,986.0,55.0,101.9,136.1,26_0580dd_Michaung Report_Final-2023.pdf,179,2023-12-04 15:00,PDF-extracted; verify against source report before operational use,Near Chennai track corridor (<250 km)
TP0097,michaung,Michaung,2023,2023-12-04,18:00,14.5,80.3,SCS,3.5,988.0,50.0,92.6,157.6,26_0580dd_Michaung Report_Final-2023.pdf,180,2023-12-04 18:00,PDF-extracted; verify against source report before operational use,Near Chennai track corridor (<250 km)
TP0098,michaung,Michaung,2023,2023-12-04,21:00,14.7,80.2,SCS,3.5,988.0,50.0,92.6,180.0,26_0580dd_Michaung Report_Final-2023.pdf,181,2023-12-04 21:00,PDF-extracted; verify against source report before operational use,Near Chennai track corridor (<250 km)
TP0099,michaung,Michaung,2023,,00:00,9.1,86.4,D,1.5,1002.0,20.0,37.0,802.0,26_0580dd_Michaung Report_Final-2023.pdf,154,None 00:00,PDF-extracted; verify against source report before operational use,Regional / offshore track
TP0100,michaung,Michaung,2023,,03:00,9.3,86.2,D,1.5,1002.0,20.0,37.0,771.4,26_0580dd_Michaung Report_Final-2023.pdf,155,None 03:00,PDF-extracted; verify against source report before operational use,Regional / offshore track
TP0101,nivar,Nivar,2020,2020-11-22,00:00,9.3,84.5,D,1.5,1002.0,25.0,46.3,624.2,26_891f5a_NIVAR-2020.pdf,109,2020-11-22 00:00,PDF-extracted; verify against source report before operational use,Regional / offshore track
TP0102,nivar,Nivar,2020,2020-11-22,03:00,9.5,84.2,D,1.5,1002.0,25.0,46.3,585.0,26_891f5a_NIVAR-2020.pdf,110,2020-11-22 03:00,PDF-extracted; verify against source report before operational use,Regional / offshore track
TP0103,nivar,Nivar,2020,2020-11-22,21:00,8.5,85.3,D,1.5,1002.0,25.0,46.3,749.2,26_891f5a_NIVAR-2020.pdf,108,2020-11-22 21:00,PDF-extracted; verify against source report before operational use,Regional / offshore track
TP0104,nivar,Nivar,2020,2020-11-23,00:00,10.0,83.0,CS,2.5,997.0,35.0,64.8,453.8,26_891f5a_NIVAR-2020.pdf,114,2020-11-23 00:00,PDF-extracted; verify against source report before operational use,Regional track (<500 km)
TP0105,nivar,Nivar,2020,2020-11-23,03:00,10.0,83.0,CS,2.5,997.0,35.0,64.8,453.8,26_891f5a_NIVAR-2020.pdf,115,2020-11-23 03:00,PDF-extracted; verify against source report before operational use,Regional track (<500 km)
TP0106,nivar,Nivar,2020,2020-11-23,06:00,9.6,84.0,D,1.5,1001.0,25.0,46.3,561.4,26_891f5a_NIVAR-2020.pdf,111,2020-11-23 06:00,PDF-extracted; verify against source report before operational use,Regional / offshore track
TP0107,nivar,Nivar,2020,2020-11-23,06:00,10.0,82.7,CS,2.5,994.0,40.0,74.1,433.0,26_891f5a_NIVAR-2020.pdf,116,2020-11-23 06:00,PDF-extracted; verify against source report before operational use,Regional track (<500 km)
TP0108,nivar,Nivar,2020,2020-11-23,09:00,10.0,82.6,CS,3.0,994.0,45.0,83.3,426.5,26_891f5a_NIVAR-2020.pdf,117,2020-11-23 09:00,PDF-extracted; verify against source report before operational use,Regional track (<500 km)
TP0109,nivar,Nivar,2020,2020-11-23,12:00,9.8,83.6,DD,2.0,999.0,30.0,55.6,514.6,26_891f5a_NIVAR-2020.pdf,112,2020-11-23 12:00,PDF-extracted; verify against source report before operational use,Regional / offshore track
TP0110,nivar,Nivar,2020,2020-11-23,18:00,10.0,83.3,DD,2.0,998.0,30.0,55.6,475.8,26_891f5a_NIVAR-2020.pdf,113,2020-11-23 18:00,PDF-extracted; verify against source report before operational use,Regional track (<500 km)
TP0111,nivar,Nivar,2020,2020-11-24,00:00,10.5,82.0,SCS,3.5,986.0,60.0,111.1,343.4,26_891f5a_NIVAR-2020.pdf,123,2020-11-24 00:00,PDF-extracted; verify against source report before operational use,Regional track (<500 km)
TP0112,nivar,Nivar,2020,2020-11-24,03:00,10.7,81.7,SCS,3.5,986.0,60.0,111.1,307.2,26_891f5a_NIVAR-2020.pdf,124,2020-11-24 03:00,PDF-extracted; verify against source report before operational use,Regional track (<500 km)
TP0113,nivar,Nivar,2020,2020-11-24,06:00,11.0,81.3,SCS,3.5,986.0,60.0,111.1,257.2,26_891f5a_NIVAR-2020.pdf,125,2020-11-24 06:00,PDF-extracted; verify against source report before operational use,Regional track (<500 km)
TP0114,nivar,Nivar,2020,2020-11-24,09:00,11.2,81.0,VSCS,4.0,982.0,65.0,120.4,223.9,26_891f5a_NIVAR-2020.pdf,126,2020-11-24 09:00,PDF-extracted; verify against source report before operational use,Near Chennai track corridor (<250 km)
TP0115,nivar,Nivar,2020,2020-11-24,12:00,10.1,82.5,CS,3.0,994.0,45.0,83.3,411.0,26_891f5a_NIVAR-2020.pdf,119,2020-11-24 12:00,PDF-extracted; verify against source report before operational use,Regional track (<500 km)
TP0116,nivar,Nivar,2020,2020-11-24,12:00,11.4,80.7,VSCS,4.0,982.0,65.0,120.4,192.8,26_891f5a_NIVAR-2020.pdf,127,2020-11-24 12:00,PDF-extracted; verify against source report before operational use,Near Chennai track corridor (<250 km)
TP0117,nivar,Nivar,2020,2020-11-24,15:00,10.1,82.4,CS,3.0,994.0,45.0,83.3,404.7,26_891f5a_NIVAR-2020.pdf,120,2020-11-24 15:00,PDF-extracted; verify against source report before operational use,Regional track (<500 km)
TP0118,nivar,Nivar,2020,2020-11-24,18:00,10.2,82.3,SCS,3.5,992.0,50.0,92.6,389.3,26_891f5a_NIVAR-2020.pdf,121,2020-11-24 18:00,PDF-extracted; verify against source report before operational use,Regional track (<500 km)
TP0119,nivar,Nivar,2020,2020-11-24,21:00,10.3,82.2,SCS,3.5,988.0,55.0,101.9,374.0,26_891f5a_NIVAR-2020.pdf,122,2020-11-24 21:00,PDF-extracted; verify against source report before operational use,Regional track (<500 km)
TP0120,nivar,Nivar,2020,2020-11-25,15:00,11.7,80.4,VSCS,4.0,982.0,65.0,120.4,154.4,26_891f5a_NIVAR-2020.pdf,129,2020-11-25 15:00,PDF-extracted; verify against source report before operational use,Near Chennai track corridor (<250 km)
TP0121,nivar,Nivar,2020,2020-11-25,18:00,12.0,80.1,VSCS,4.0,982.0,65.0,120.4,121.8,26_891f5a_NIVAR-2020.pdf,130,2020-11-25 18:00,PDF-extracted; verify against source report before operational use,Near Chennai track corridor (<250 km)
TP0122,vardah,Vardah,2016,2016-12-06,00:00,9.8,90.5,D,1.5,1002.0,25.0,46.3,1172.9,26_af079d_vardah-2016.pdf,210,2016-12-06 00:00,PDF-extracted; verify against source report before operational use,Regional / offshore track
TP0123,vardah,Vardah,2016,2016-12-06,03:00,9.8,90.5,D,1.5,1002.0,25.0,46.3,1172.9,26_af079d_vardah-2016.pdf,211,2016-12-06 03:00,PDF-extracted; verify against source report before operational use,Regional / offshore track
TP0124,vardah,Vardah,2016,2016-12-06,12:00,8.5,90.5,D,1.5,1002.0,25.0,46.3,1227.7,26_af079d_vardah-2016.pdf,208,2016-12-06 12:00,PDF-extracted; verify against source report before operational use,Regional / offshore track
TP0125,vardah,Vardah,2016,2016-12-06,18:00,9.5,90.5,D,1.5,1002.0,25.0,46.3,1184.2,26_af079d_vardah-2016.pdf,209,2016-12-06 18:00,PDF-extracted; verify against source report before operational use,Regional / offshore track
TP0126,vardah,Vardah,2016,2016-12-07,00:00,11.2,90.5,CS,2.5,998.0,35.0,64.8,1131.4,26_af079d_vardah-2016.pdf,215,2016-12-07 00:00,PDF-extracted; verify against source report before operational use,Regional / offshore track
TP0127,vardah,Vardah,2016,2016-12-07,03:00,11.5,90.5,CS,2.5,998.0,35.0,64.8,1125.1,26_af079d_vardah-2016.pdf,216,2016-12-07 03:00,PDF-extracted; verify against source report before operational use,Regional / offshore track
TP0128,vardah,Vardah,2016,2016-12-07,06:00,9.8,90.5,D,1.5,1002.0,25.0,46.3,1172.9,26_af079d_vardah-2016.pdf,212,2016-12-07 06:00,PDF-extracted; verify against source report before operational use,Regional / offshore track
TP0129,vardah,Vardah,2016,2016-12-07,06:00,11.5,90.5,CS,2.5,998.0,35.0,64.8,1125.1,26_af079d_vardah-2016.pdf,217,2016-12-07 06:00,PDF-extracted; verify against source report before operational use,Regional / offshore track
TP0130,vardah,Vardah,2016,2016-12-07,09:00,11.5,90.5,CS,2.5,998.0,35.0,64.8,1125.1,26_af079d_vardah-2016.pdf,218,2016-12-07 09:00,PDF-extracted; verify against source report before operational use,Regional / offshore track
TP0131,vardah,Vardah,2016,2016-12-07,12:00,10.0,90.5,D,1.5,1002.0,25.0,46.3,1165.8,26_af079d_vardah-2016.pdf,213,2016-12-07 12:00,PDF-extracted; verify against source report before operational use,Regional / offshore track
TP0132,vardah,Vardah,2016,2016-12-07,18:00,10.8,90.5,DD,2.0,1000.0,30.0,55.6,1141.3,26_af079d_vardah-2016.pdf,214,2016-12-07 18:00,PDF-extracted; verify against source report before operational use,Regional / offshore track
TP0133,vardah,Vardah,2016,2016-12-08,00:00,12.0,90.4,CS,3.0,996.0,45.0,83.3,1105.9,26_af079d_vardah-2016.pdf,224,2016-12-08 00:00,PDF-extracted; verify against source report before operational use,Regional / offshore track
TP0134,vardah,Vardah,2016,2016-12-08,03:00,12.1,90.4,CS,3.0,996.0,45.0,83.3,1104.6,26_af079d_vardah-2016.pdf,225,2016-12-08 03:00,PDF-extracted; verify against source report before operational use,Regional / offshore track
TP0135,vardah,Vardah,2016,2016-12-08,06:00,12.1,90.3,CS,3.0,996.0,45.0,83.3,1093.8,26_af079d_vardah-2016.pdf,226,2016-12-08 06:00,PDF-extracted; verify against source report before operational use,Regional / offshore track
TP0136,vardah,Vardah,2016,2016-12-08,09:00,12.2,90.3,CS,3.0,996.0,45.0,83.3,1092.5,26_af079d_vardah-2016.pdf,227,2016-12-08 09:00,PDF-extracted; verify against source report before operational use,Regional / offshore track
TP0137,vardah,Vardah,2016,2016-12-08,12:00,11.7,90.5,CS,2.5,997.0,40.0,74.1,1121.4,26_af079d_vardah-2016.pdf,220,2016-12-08 12:00,PDF-extracted; verify against source report before operational use,Regional / offshore track
TP0138,vardah,Vardah,2016,2016-12-08,15:00,11.7,90.5,CS,2.5,997.0,40.0,74.1,1121.4,26_af079d_vardah-2016.pdf,221,2016-12-08 15:00,PDF-extracted; verify against source report before operational use,Regional / offshore track
TP0139,vardah,Vardah,2016,2016-12-08,18:00,11.8,90.5,CS,2.5,997.0,40.0,74.1,1119.8,26_af079d_vardah-2016.pdf,222,2016-12-08 18:00,PDF-extracted; verify against source report before operational use,Regional / offshore track
TP0140,vardah,Vardah,2016,2016-12-08,21:00,12.0,90.5,CS,2.5,997.0,40.0,74.1,1116.7,26_af079d_vardah-2016.pdf,223,2016-12-08 21:00,PDF-extracted; verify against source report before operational use,Regional / offshore track
TP0141,vardah,Vardah,2016,2016-12-09,00:00,12.6,88.4,SCS,3.5,990.0,55.0,101.9,882.9,26_af079d_vardah-2016.pdf,233,2016-12-09 00:00,PDF-extracted; verify against source report before operational use,Regional / offshore track
TP0142,vardah,Vardah,2016,2016-12-09,00:00,13.3,84.7,VSCS,4.0,980.0,70.0,129.6,480.1,26_af079d_vardah-2016.pdf,242,2016-12-09 00:00,PDF-extracted; verify against source report before operational use,Regional track (<500 km)
TP0143,vardah,Vardah,2016,2016-12-09,03:00,12.7,88.0,SCS,3.5,990.0,55.0,101.9,838.8,26_af079d_vardah-2016.pdf,234,2016-12-09 03:00,PDF-extracted; verify against source report before operational use,Regional / offshore track
TP0144,vardah,Vardah,2016,2016-12-09,03:00,13.1,84.3,VSCS,4.0,980.0,70.0,129.6,436.4,26_af079d_vardah-2016.pdf,243,2016-12-09 03:00,PDF-extracted; verify against source report before operational use,Regional track (<500 km)
TP0145,vardah,Vardah,2016,2016-12-09,06:00,13.0,87.4,SCS,3.5,990.0,55.0,101.9,772.3,26_af079d_vardah-2016.pdf,235,2016-12-09 06:00,PDF-extracted; verify against source report before operational use,Regional / offshore track
TP0146,vardah,Vardah,2016,2016-12-09,06:00,13.1,83.7,VSCS,4.0,980.0,70.0,129.6,371.4,26_af079d_vardah-2016.pdf,244,2016-12-09 06:00,PDF-extracted; verify against source report before operational use,Regional track (<500 km)
TP0147,vardah,Vardah,2016,2016-12-09,09:00,13.1,86.8,SCS,3.5,988.0,60.0,111.1,707.1,26_af079d_vardah-2016.pdf,236,2016-12-09 09:00,PDF-extracted; verify against source report before operational use,Regional / offshore track
TP0148,vardah,Vardah,2016,2016-12-09,09:00,13.1,83.3,VSCS,4.0,980.0,70.0,129.6,328.1,26_af079d_vardah-2016.pdf,245,2016-12-09 09:00,PDF-extracted; verify against source report before operational use,Regional track (<500 km)
TP0149,vardah,Vardah,2016,2016-12-09,12:00,12.2,90.0,CS,3.0,996.0,45.0,83.3,1060.1,26_af079d_vardah-2016.pdf,229,2016-12-09 12:00,PDF-extracted; verify against source report before operational use,Regional / offshore track
TP0150,vardah,Vardah,2016,2016-12-09,12:00,13.2,86.4,VSCS,4.0,984.0,65.0,120.4,663.8,26_af079d_vardah-2016.pdf,238,2016-12-09 12:00,PDF-extracted; verify against source report before operational use,Regional / offshore track
TP0151,vardah,Vardah,2016,2016-12-09,15:00,12.2,89.9,CS,3.0,994.0,45.0,83.3,1049.3,26_af079d_vardah-2016.pdf,230,2016-12-09 15:00,PDF-extracted; verify against source report before operational use,Regional / offshore track
TP0152,vardah,Vardah,2016,2016-12-09,15:00,13.3,85.9,VSCS,4.0,984.0,65.0,120.4,609.9,26_af079d_vardah-2016.pdf,239,2016-12-09 15:00,PDF-extracted; verify against source report before operational use,Regional / offshore track
TP0153,vardah,Vardah,2016,2016-12-09,18:00,12.3,89.6,SCS,3.0,992.0,50.0,92.6,1015.7,26_af079d_vardah-2016.pdf,231,2016-12-09 18:00,PDF-extracted; verify against source report before operational use,Regional / offshore track
TP0154,vardah,Vardah,2016,2016-12-09,18:00,13.3,85.3,VSCS,4.0,984.0,65.0,120.4,545.0,26_af079d_vardah-2016.pdf,240,2016-12-09 18:00,PDF-extracted; verify against source report before operational use,Regional / offshore track
TP0155,vardah,Vardah,2016,2016-12-09,21:00,12.5,89.0,SCS,3.5,990.0,55.0,101.9,948.7,26_af079d_vardah-2016.pdf,232,2016-12-09 21:00,PDF-extracted; verify against source report before operational use,Regional / offshore track
TP0156,vardah,Vardah,2016,2016-12-09,21:00,13.3,85.0,VSCS,4.0,982.0,65.0,120.4,512.6,26_af079d_vardah-2016.pdf,241,2016-12-09 21:00,PDF-extracted; verify against source report before operational use,Regional / offshore track
TP0157,vardah,Vardah,2016,2016-12-11,00:00,13.2,81.6,VSCS,4.0,975.0,70.0,129.6,144.5,26_af079d_vardah-2016.pdf,255,2016-12-11 00:00,PDF-extracted; verify against source report before operational use,Near Chennai track corridor (<250 km)
TP0158,vardah,Vardah,2016,2016-12-11,03:00,13.2,81.2,VSCS,4.0,975.0,70.0,129.6,101.5,26_af079d_vardah-2016.pdf,256,2016-12-11 03:00,PDF-extracted; verify against source report before operational use,Near Chennai track corridor (<250 km)
TP0159,vardah,Vardah,2016,2016-12-11,06:00,13.2,80.7,VSCS,4.0,975.0,70.0,129.6,48.3,26_af079d_vardah-2016.pdf,257,2016-12-11 06:00,PDF-extracted; verify against source report before operational use,Near Chennai track corridor (<250 km)
TP0160,vardah,Vardah,2016,2016-12-11,09:00,13.1,80.3,SCS,3.5,975.0,60.0,111.1,3.7,26_af079d_vardah-2016.pdf,258,2016-12-11 09:00,PDF-extracted; verify against source report before operational use,Near Chennai track corridor (<250 km)
TP0161,vardah,Vardah,2016,2016-12-11,12:00,13.3,83.0,VSCS,4.0,980.0,70.0,129.6,296.5,26_af079d_vardah-2016.pdf,247,2016-12-11 12:00,PDF-extracted; verify against source report before operational use,Regional track (<500 km)
TP0162,vardah,Vardah,2016,2016-12-11,15:00,13.3,82.5,VSCS,4.0,980.0,70.0,129.6,242.6,26_af079d_vardah-2016.pdf,248,2016-12-11 15:00,PDF-extracted; verify against source report before operational use,Near Chennai track corridor (<250 km)
TP0163,vardah,Vardah,2016,2016-12-11,18:00,13.1,82.3,VSCS,4.0,980.0,70.0,129.6,219.8,26_af079d_vardah-2016.pdf,249,2016-12-11 18:00,PDF-extracted; verify against source report before operational use,Near Chennai track corridor (<250 km)
TP0164,vardah,Vardah,2016,2016-12-11,21:00,13.2,81.9,VSCS,4.0,978.0,70.0,129.6,176.9,26_af079d_vardah-2016.pdf,250,2016-12-11 21:00,PDF-extracted; verify against source report before operational use,Near Chennai track corridor (<250 km)
TP0165,vardah,Vardah,2016,2016-12-12,12:00,13.0,79.9,SCS,3.5,984.0,50.0,92.6,41.2,26_af079d_vardah-2016.pdf,262,2016-12-12 12:00,PDF-extracted; verify against source report before operational use,Near Chennai track corridor (<250 km)
TP0166,vardah,Vardah,2016,2016-12-12,15:00,12.9,79.5,CS,3.0,994.0,40.0,74.1,85.9,26_af079d_vardah-2016.pdf,263,2016-12-12 15:00,PDF-extracted; verify against source report before operational use,Near Chennai track corridor (<250 km)
TP0167,vardah,Vardah,2016,2016-12-12,18:00,12.7,79.1,DD,2.0,1002.0,30.0,55.6,133.8,26_af079d_vardah-2016.pdf,264,2016-12-12 18:00,PDF-extracted; verify against source report before operational use,Near Chennai track corridor (<250 km)
TP0168,vardah,Vardah,2016,2016-12-13,00:00,12.5,78.0,D,1.5,1003.0,20.0,37.0,254.6,26_af079d_vardah-2016.pdf,265,2016-12-13 00:00,PDF-extracted; verify against source report before operational use,Regional track (<500 km)
TP0169,vardah,Vardah,2016,,09:00,8.5,91.0,D,1.5,1002.0,25.0,46.3,1277.6,26_af079d_vardah-2016.pdf,207,None 09:00,PDF-extracted; verify against source report before operational use,Regional / offshore track
